Utente1,Utente2,ScoreML
51_M_20,51_M_3,0.574175190340691
51_M_20,51_M_4,0.58338939971593
51_M_20,51_M_5,0.563386907095257
51_M_20,51_M_6,0.566638072213991
51_M_20,51_M_7,0.590623033354311
51_M_20,51_M_8,0.488796807857581
51_M_20,51_M_9,0.516285460276408
51_M_20,58_M_1,0.170518667388112
51_M_20,58_M_2,0.172133809678467
51_M_20,58_M_3,0.182859833621096
51_M_20,58_M_4,0.165857740585774
51_M_20,58_M_5,0.156046605062274
51_M_20,58_M_6,0.204756146715034
51_M_20,58_M_7,0.166306522609044
51_M_20,58_M_8,0.166652806652807
51_M_20,58_M_9,0.20802647910633
51_M_20,75_M_1,0.265968258932062
51_M_20,75_M_10,0.276835724698841
51_M_20,75_M_11,0.298594935757758
51_M_20,75_M_12,0.291369390103567
51_M_20,75_M_13,0.278942854915413
51_M_20,75_M_14,0.269015575381824
51_M_20,75_M_15,0.301908871498574
51_M_20,75_M_16,0.257895155516665
51_M_20,75_M_17,0.285671730711945
51_M_20,75_M_18,0.250393570304085
51_M_20,75_M_19,0.241428799234572
51_M_20,75_M_2,0.26994893681884
51_M_20,75_M_20,0.249783447515552
51_M_20,75_M_3,0.254912792991871
51_M_20,75_M_4,0.279045488441462
51_M_20,75_M_5,0.259137254901961
51_M_20,75_M_6,0.287046236148261
51_M_20,75_M_7,0.271588564692013
51_M_20,75_M_8,0.239679419325571
51_M_20,75_M_9,0.289262343842951
51_M_20,86_M_1,0.227169597277368
51_M_20,86_M_10,0.169521229984864
51_M_20,86_M_11,0.184133679428942
51_M_20,86_M_12,0.185877894043009
51_M_20,86_M_2,0.20047537087124
51_M_20,86_M_3,0.188733290897518
51_M_20,86_M_4,0.192685378489136
51_M_20,86_M_5,0.209110696517413
51_M_20,86_M_6,0.223417332513829
51_M_20,86_M_7,0.179129896268772
51_M_20,86_M_8,0.165965520085787
51_M_20,86_M_9,0.191316354710034
51_M_20,8_M_1,0.18804073195008
51_M_20,8_M_10,0.194484760522496
51_M_20,8_M_11,0.198113930844131
51_M_20,8_M_2,0.189589693945938
51_M_20,8_M_3,0.192737223578138
51_M_20,8_M_4,0.212791215313845
51_M_20,8_M_5,0.194980104071013
51_M_20,8_M_6,0.194920868605079
51_M_20,8_M_7,0.19509586738981
51_M_20,8_M_8,0.188772542175684
51_M_20,8_M_9,0.184765983481187
51_M_3,51_M_4,0.712665258546507
51_M_3,51_M_5,0.688389017532253
51_M_3,51_M_6,0.645680940248212
51_M_3,51_M_7,0.603171939246455
51_M_3,51_M_8,0.499427636958299
51_M_3,51_M_9,0.509360034828037
51_M_3,58_M_1,0.193758888981846
51_M_3,58_M_2,0.182741116751269
51_M_3,58_M_3,0.204192480692523
51_M_3,58_M_4,0.145113788487282
51_M_3,58_M_5,0.17114270668773
51_M_3,58_M_6,0.217039081278376
51_M_3,58_M_7,0.182538344850834
51_M_3,58_M_8,0.181513494443464
51_M_3,58_M_9,0.178339284079465
51_M_3,75_M_1,0.234072022160665
51_M_3,75_M_10,0.254911433172303
51_M_3,75_M_11,0.254789272030651
51_M_3,75_M_12,0.235076427996782
51_M_3,75_M_13,0.240896358543417
51_M_3,75_M_14,0.241747572815534
51_M_3,75_M_15,0.237922798366592
51_M_3,75_M_16,0.225502460178467
51_M_3,75_M_17,0.250181232380185
51_M_3,75_M_18,0.215443611643716
51_M_3,75_M_19,0.217932648115651
51_M_3,75_M_2,0.234663680716628
51_M_3,75_M_20,0.217272434866517
51_M_3,75_M_3,0.236824093086927
51_M_3,75_M_4,0.244654088050314
51_M_3,75_M_5,0.237131581157108
51_M_3,75_M_6,0.242959781980345
51_M_3,75_M_7,0.227769347496206
51_M_3,75_M_8,0.238095238095238
51_M_3,75_M_9,0.220690711386783
51_M_3,86_M_1,0.239628482972136
51_M_3,86_M_10,0.164932628347262
51_M_3,86_M_11,0.1715388858246
51_M_3,86_M_12,0.149211144679423
51_M_3,86_M_2,0.169657132705632
51_M_3,86_M_3,0.172892761625399
51_M_3,86_M_4,0.205787781350482
51_M_3,86_M_5,0.202276033199281
51_M_3,86_M_6,0.158963941086846
51_M_3,86_M_7,0.18278554878572
51_M_3,86_M_8,0.157799819657349
51_M_3,86_M_9,0.200589459084605
51_M_3,8_M_1,0.173823956287885
51_M_3,8_M_10,0.186652197504069
51_M_3,8_M_11,0.19511787326534
51_M_3,8_M_2,0.189441978440076
51_M_3,8_M_3,0.192138313488827
51_M_3,8_M_4,0.229100733307603
51_M_3,8_M_5,0.200131882624464
51_M_3,8_M_6,0.198749022673964
51_M_3,8_M_7,0.179419957398001
51_M_3,8_M_8,0.195381604696673
51_M_3,8_M_9,0.188602552637997
51_M_4,51_M_5,0.680386458251512
51_M_4,51_M_6,0.634794156706507
51_M_4,51_M_7,0.588524720260297
51_M_4,51_M_8,0.492026629509212
51_M_4,51_M_9,0.498523137512307
51_M_4,58_M_1,0.209404089426366
51_M_4,58_M_2,0.186310886555617
51_M_4,58_M_3,0.201867353509337
51_M_4,58_M_4,0.154504319210202
51_M_4,58_M_5,0.173114754098361
51_M_4,58_M_6,0.192048517520216
51_M_4,58_M_7,0.189649470899471
51_M_4,58_M_8,0.193133405730515
51_M_4,58_M_9,0.200120658450401
51_M_4,75_M_1,0.25496769973015
51_M_4,75_M_10,0.271134572718231
51_M_4,75_M_11,0.269600895188363
51_M_4,75_M_12,0.258455938116184
51_M_4,75_M_13,0.264035020351739
51_M_4,75_M_14,0.262325015216068
51_M_4,75_M_15,0.263250623990603
51_M_4,75_M_16,0.241775663892192
51_M_4,75_M_17,0.267869428942741
51_M_4,75_M_18,0.229846449136276
51_M_4,75_M_19,0.252324037184595
51_M_4,75_M_2,0.244444444444444
51_M_4,75_M_20,0.260756591517004
51_M_4,75_M_3,0.253474415666456
51_M_4,75_M_4,0.272516630540399
51_M_4,75_M_5,0.242992101595168
51_M_4,75_M_6,0.258394383394383
51_M_4,75_M_7,0.260215520358718
51_M_4,75_M_8,0.261426097432422
51_M_4,75_M_9,0.261036185422655
51_M_4,86_M_1,0.236983040761678
51_M_4,86_M_10,0.17542728152209
51_M_4,86_M_11,0.158128207358441
51_M_4,86_M_12,0.167673235855054
51_M_4,86_M_2,0.177852348993289
51_M_4,86_M_3,0.177960632462085
51_M_4,86_M_4,0.21922377198302
51_M_4,86_M_5,0.19828005841311
51_M_4,86_M_6,0.182603029809415
51_M_4,86_M_7,0.197337377822717
51_M_4,86_M_8,0.195585738539898
51_M_4,86_M_9,0.199949422574391
51_M_4,8_M_1,0.175126903553299
51_M_4,8_M_10,0.218585708996668
51_M_4,8_M_11,0.217576522562322
51_M_4,8_M_2,0.200688336520076
51_M_4,8_M_3,0.203037817730936
51_M_4,8_M_4,0.216775923718713
51_M_4,8_M_5,0.206486908948808
51_M_4,8_M_6,0.205592105263158
51_M_4,8_M_7,0.204024551316914
51_M_4,8_M_8,0.21656050955414
51_M_4,8_M_9,0.216174062231927
51_M_5,51_M_6,0.724345744241724
51_M_5,51_M_7,0.633552965027876
51_M_5,51_M_8,0.544543063773833
51_M_5,51_M_9,0.582500651663915
51_M_5,58_M_1,0.170905733232603
51_M_5,58_M_2,0.169482802984819
51_M_5,58_M_3,0.170197677510859
51_M_5,58_M_4,0.148201568556747
51_M_5,58_M_5,0.168775634872153
51_M_5,58_M_6,0.191749086696962
51_M_5,58_M_7,0.17470134711514
51_M_5,58_M_8,0.173032673722964
51_M_5,58_M_9,0.177564273641135
51_M_5,75_M_1,0.22359277275886
51_M_5,75_M_10,0.279893711248893
51_M_5,75_M_11,0.264773538510351
51_M_5,75_M_12,0.270707070707071
51_M_5,75_M_13,0.275599669148056
51_M_5,75_M_14,0.262945636392967
51_M_5,75_M_15,0.256700232378002
51_M_5,75_M_16,0.251007387508395
51_M_5,75_M_17,0.247070003167564
51_M_5,75_M_18,0.23832945034084
51_M_5,75_M_19,0.250273132195983
51_M_5,75_M_2,0.271539632924581
51_M_5,75_M_20,0.231525892203886
51_M_5,75_M_3,0.232417950435365
51_M_5,75_M_4,0.263604907203523
51_M_5,75_M_5,0.214636625444689
51_M_5,75_M_6,0.260834214163753
51_M_5,75_M_7,0.260862781808253
51_M_5,75_M_8,0.242337393519624
51_M_5,75_M_9,0.265239646347138
51_M_5,86_M_1,0.22402918154875
51_M_5,86_M_10,0.168488403092509
51_M_5,86_M_11,0.159203070736611
51_M_5,86_M_12,0.153480878487238
51_M_5,86_M_2,0.184458329666461
51_M_5,86_M_3,0.196655284125733
51_M_5,86_M_4,0.224090981899728
51_M_5,86_M_5,0.195352839931153
51_M_5,86_M_6,0.193389412864305
51_M_5,86_M_7,0.211393273850377
51_M_5,86_M_8,0.19028760018859
51_M_5,86_M_9,0.207499783493548
51_M_5,8_M_1,0.157641196013289
51_M_5,8_M_10,0.195333695062398
51_M_5,8_M_11,0.190807453416149
51_M_5,8_M_2,0.186801533567175
51_M_5,8_M_3,0.212355848434926
51_M_5,8_M_4,0.203151515151515
51_M_5,8_M_5,0.201192250372578
51_M_5,8_M_6,0.213546194578361
51_M_5,8_M_7,0.193894666219389
51_M_5,8_M_8,0.190266875981162
51_M_5,8_M_9,0.191932550834849
51_M_6,51_M_7,0.638362141298876
51_M_6,51_M_8,0.559111691704768
51_M_6,51_M_9,0.58576469575695
51_M_6,58_M_1,0.166428270929743
51_M_6,58_M_2,0.169159953970081
51_M_6,58_M_3,0.181149012567325
51_M_6,58_M_4,0.141410520655973
51_M_6,58_M_5,0.180244490050861
51_M_6,58_M_6,0.209261484425548
51_M_6,58_M_7,0.167971051081377
51_M_6,58_M_8,0.168467313678813
51_M_6,58_M_9,0.170582666322403
51_M_6,75_M_1,0.22065525840571
51_M_6,75_M_10,0.278987545198875
51_M_6,75_M_11,0.279921104536489
51_M_6,75_M_12,0.270296314141171
51_M_6,75_M_13,0.278001148765078
51_M_6,75_M_14,0.268280949326491
51_M_6,75_M_15,0.258024880970665
51_M_6,75_M_16,0.271115571165747
51_M_6,75_M_17,0.237751256281407
51_M_6,75_M_18,0.246636387008313
51_M_6,75_M_19,0.247607954072718
51_M_6,75_M_2,0.269331846778689
51_M_6,75_M_20,0.237849184563217
51_M_6,75_M_3,0.214940803735201
51_M_6,75_M_4,0.284400810347514
51_M_6,75_M_5,0.223003515821195
51_M_6,75_M_6,0.266978168049625
51_M_6,75_M_7,0.273542600896861
51_M_6,75_M_8,0.24754046334497
51_M_6,75_M_9,0.261171032357473
51_M_6,86_M_1,0.238505078700473
51_M_6,86_M_10,0.160691366475571
51_M_6,86_M_11,0.166959269662921
51_M_6,86_M_12,0.165489739968431
51_M_6,86_M_2,0.180304888733135
51_M_6,86_M_3,0.186538296226253
51_M_6,86_M_4,0.216015205354929
51_M_6,86_M_5,0.179308022560822
51_M_6,86_M_6,0.184027486801307
51_M_6,86_M_7,0.199745439117522
51_M_6,86_M_8,0.16451102633293
51_M_6,86_M_9,0.166830708661417
51_M_6,8_M_1,0.182141646899356
51_M_6,8_M_10,0.213980250369334
51_M_6,8_M_11,0.210482735778753
51_M_6,8_M_2,0.197789967405994
51_M_6,8_M_3,0.209188660801564
51_M_6,8_M_4,0.213592233009709
51_M_6,8_M_5,0.199785531634084
51_M_6,8_M_6,0.221399306649858
51_M_6,8_M_7,0.194543106231837
51_M_6,8_M_8,0.209233176838811
51_M_6,8_M_9,0.19958796868562
51_M_7,51_M_8,0.588903523213698
51_M_7,51_M_9,0.588306521363086
51_M_7,58_M_1,0.182828801094578
51_M_7,58_M_2,0.171458718016355
51_M_7,58_M_3,0.165473081135732
51_M_7,58_M_4,0.1524185926626
51_M_7,58_M_5,0.176814774181752
51_M_7,58_M_6,0.235134155184917
51_M_7,58_M_7,0.176628784592695
51_M_7,58_M_8,0.167891823214448
51_M_7,58_M_9,0.21216906641895
51_M_7,75_M_1,0.239755884917175
51_M_7,75_M_10,0.266896325459318
51_M_7,75_M_11,0.26947165569295
51_M_7,75_M_12,0.274118320923001
51_M_7,75_M_13,0.285115303983228
51_M_7,75_M_14,0.265335929892892
51_M_7,75_M_15,0.267573696145125
51_M_7,75_M_16,0.264
51_M_7,75_M_17,0.26530939403655
51_M_7,75_M_18,0.233856893542757
51_M_7,75_M_19,0.236555479918312
51_M_7,75_M_2,0.275469550369949
51_M_7,75_M_20,0.242103522407806
51_M_7,75_M_3,0.239236873206146
51_M_7,75_M_4,0.268659114646099
51_M_7,75_M_5,0.253842168882749
51_M_7,75_M_6,0.250168010752688
51_M_7,75_M_7,0.260196016440089
51_M_7,75_M_8,0.253600450559176
51_M_7,75_M_9,0.252103483525989
51_M_7,86_M_1,0.28487958941966
51_M_7,86_M_10,0.163171400760995
51_M_7,86_M_11,0.183444001770695
51_M_7,86_M_12,0.173957101840905
51_M_7,86_M_2,0.185630366018979
51_M_7,86_M_3,0.171580847588756
51_M_7,86_M_4,0.201431404673622
51_M_7,86_M_5,0.151247794303
51_M_7,86_M_6,0.188527397260274
51_M_7,86_M_7,0.164388332607749
51_M_7,86_M_8,0.15587923217903
51_M_7,86_M_9,0.176553555131503
51_M_7,8_M_1,0.200542005420054
51_M_7,8_M_10,0.20549526668206
51_M_7,8_M_11,0.203331134564644
51_M_7,8_M_2,0.196605141727093
51_M_7,8_M_3,0.190188172043011
51_M_7,8_M_4,0.207817275213125
51_M_7,8_M_5,0.209677419354839
51_M_7,8_M_6,0.208147728193083
51_M_7,8_M_7,0.213263318370458
51_M_7,8_M_8,0.205891669306303
51_M_7,8_M_9,0.205020920502092
51_M_8,51_M_9,0.650897500419393
51_M_8,58_M_1,0.183802699550075
51_M_8,58_M_2,0.197327506513152
51_M_8,58_M_3,0.182818601348953
51_M_8,58_M_4,0.170108327691266
51_M_8,58_M_5,0.166548042704626
51_M_8,58_M_6,0.214141058378093
51_M_8,58_M_7,0.186501630843857
51_M_8,58_M_8,0.190359762486902
51_M_8,58_M_9,0.191171235315059
51_M_8,75_M_1,0.184327086882453
51_M_8,75_M_10,0.221061093247588
51_M_8,75_M_11,0.231630017998278
51_M_8,75_M_12,0.264795023129686
51_M_8,75_M_13,0.228669499836548
51_M_8,75_M_14,0.225226658183553
51_M_8,75_M_15,0.250248565965583
51_M_8,75_M_16,0.228409940985787
51_M_8,75_M_17,0.225192385581207
51_M_8,75_M_18,0.227908158942642
51_M_8,75_M_19,0.22281121751026
51_M_8,75_M_2,0.223901973265436
51_M_8,75_M_20,0.212166758958943
51_M_8,75_M_3,0.207183673469388
51_M_8,75_M_4,0.232909813703328
51_M_8,75_M_5,0.219565217391304
51_M_8,75_M_6,0.231735159817352
51_M_8,75_M_7,0.223233569885838
51_M_8,75_M_8,0.202964832045419
51_M_8,75_M_9,0.229756928317077
51_M_8,86_M_1,0.280297797221583
51_M_8,86_M_10,0.144027898866609
51_M_8,86_M_11,0.18335430523099
51_M_8,86_M_12,0.183193687464411
51_M_8,86_M_2,0.162245952462969
51_M_8,86_M_3,0.159703504043127
51_M_8,86_M_4,0.175718575718576
51_M_8,86_M_5,0.191573516766982
51_M_8,86_M_6,0.189738944247715
51_M_8,86_M_7,0.175352648027705
51_M_8,86_M_8,0.15034996818471
51_M_8,86_M_9,0.175218581647973
51_M_8,8_M_1,0.190925649942043
51_M_8,8_M_10,0.22818691588785
51_M_8,8_M_11,0.197842588893328
51_M_8,8_M_2,0.224133922343641
51_M_8,8_M_3,0.196300901460988
51_M_8,8_M_4,0.205049261083744
51_M_8,8_M_5,0.209191000478698
51_M_8,8_M_6,0.204230156925176
51_M_8,8_M_7,0.195505264812196
51_M_8,8_M_8,0.226811980794147
51_M_8,8_M_9,0.187097786846649
51_M_9,58_M_1,0.188503729706011
51_M_9,58_M_2,0.183307545280786
51_M_9,58_M_3,0.197626224566692
51_M_9,58_M_4,0.165850955766922
51_M_9,58_M_5,0.173724417617655
51_M_9,58_M_6,0.203436300493511
51_M_9,58_M_7,0.17521216407355
51_M_9,58_M_8,0.168108108108108
51_M_9,58_M_9,0.181801019444969
51_M_9,75_M_1,0.205694781280877
51_M_9,75_M_10,0.20291354193604
51_M_9,75_M_11,0.223778528466672
51_M_9,75_M_12,0.233310969473331
51_M_9,75_M_13,0.221520098297349
51_M_9,75_M_14,0.214678743756878
51_M_9,75_M_15,0.242733381912396
51_M_9,75_M_16,0.230110159118727
51_M_9,75_M_17,0.240013371218452
51_M_9,75_M_18,0.212902650129383
51_M_9,75_M_19,0.205944424903271
51_M_9,75_M_2,0.217496860611134
51_M_9,75_M_20,0.187157201923888
51_M_9,75_M_3,0.186009678838539
51_M_9,75_M_4,0.213226255838728
51_M_9,75_M_5,0.20532319391635
51_M_9,75_M_6,0.22733121729433
51_M_9,75_M_7,0.213810990436051
51_M_9,75_M_8,0.18938747653984
51_M_9,75_M_9,0.216616486288551
51_M_9,86_M_1,0.229460614367492
51_M_9,86_M_10,0.15364097092558
51_M_9,86_M_11,0.161397512579512
51_M_9,86_M_12,0.175465248765667
51_M_9,86_M_2,0.168328004513824
51_M_9,86_M_3,0.177911317490667
51_M_9,86_M_4,0.181625628805931
51_M_9,86_M_5,0.194264731596433
51_M_9,86_M_6,0.182228001733853
51_M_9,86_M_7,0.166403923629357
51_M_9,86_M_8,0.151036712954156
51_M_9,86_M_9,0.175547445255474
51_M_9,8_M_1,0.207425273494702
51_M_9,8_M_10,0.22896573355289
51_M_9,8_M_11,0.213979308604592
51_M_9,8_M_2,0.221696959817426
51_M_9,8_M_3,0.201473803546846
51_M_9,8_M_4,0.214176028449042
51_M_9,8_M_5,0.211146657686479
51_M_9,8_M_6,0.209469153515065
51_M_9,8_M_7,0.197076071694061
51_M_9,8_M_8,0.225293600703044
51_M_9,8_M_9,0.193958402112909
58_M_1,58_M_2,0.509389093890939
58_M_1,58_M_3,0.466783362507293
58_M_1,58_M_4,0.504714176505564
58_M_1,58_M_5,0.476198615502948
58_M_1,58_M_6,0.407917683990234
58_M_1,58_M_7,0.39359308917484
58_M_1,58_M_8,0.517256835499776
58_M_1,58_M_9,0.373478421246772
58_M_1,75_M_1,0.19090515374621
58_M_1,75_M_10,0.185814027292923
58_M_1,75_M_11,0.218365517803308
58_M_1,75_M_12,0.197627811860941
58_M_1,75_M_13,0.193302387267904
58_M_1,75_M_14,0.164232662939164
58_M_1,75_M_15,0.207745908280668
58_M_1,75_M_16,0.21623953749245
58_M_1,75_M_17,0.212966017815902
58_M_1,75_M_18,0.193677960181628
58_M_1,75_M_19,0.184089528932073
58_M_1,75_M_2,0.211442385173247
58_M_1,75_M_20,0.207980049875312
58_M_1,75_M_3,0.190333582896598
58_M_1,75_M_4,0.210708934626607
58_M_1,75_M_5,0.225199253857894
58_M_1,75_M_6,0.202311651058804
58_M_1,75_M_7,0.213346166185435
58_M_1,75_M_8,0.216140234827187
58_M_1,75_M_9,0.202721726888785
58_M_1,86_M_1,0.186709588411129
58_M_1,86_M_10,0.276426926030202
58_M_1,86_M_11,0.185953420669578
58_M_1,86_M_12,0.215273095077546
58_M_1,86_M_2,0.251385346116633
58_M_1,86_M_3,0.212931110523066
58_M_1,86_M_4,0.226232622398757
58_M_1,86_M_5,0.193548387096774
58_M_1,86_M_6,0.258989310009718
58_M_1,86_M_7,0.236292536816707
58_M_1,86_M_8,0.246075758999906
58_M_1,86_M_9,0.253593871051046
58_M_1,8_M_1,0.210089724056204
58_M_1,8_M_10,0.318854265029902
58_M_1,8_M_11,0.335793357933579
58_M_1,8_M_2,0.228627259404006
58_M_1,8_M_3,0.266339066339066
58_M_1,8_M_4,0.262827553742351
58_M_1,8_M_5,0.307138069705094
58_M_1,8_M_6,0.31633798300465
58_M_1,8_M_7,0.348814065350804
58_M_1,8_M_8,0.325830140485313
58_M_1,8_M_9,0.289922609636349
58_M_2,58_M_3,0.583319597824295
58_M_2,58_M_4,0.526811228777946
58_M_2,58_M_5,0.502252826659866
58_M_2,58_M_6,0.441176470588235
58_M_2,58_M_7,0.368007070260716
58_M_2,58_M_8,0.501583391977481
58_M_2,58_M_9,0.288270196257417
58_M_2,75_M_1,0.207364016736402
58_M_2,75_M_10,0.194446617129449
58_M_2,75_M_11,0.176512681879622
58_M_2,75_M_12,0.168932038834951
58_M_2,75_M_13,0.18329601061624
58_M_2,75_M_14,0.175492165528325
58_M_2,75_M_15,0.178276918243933
58_M_2,75_M_16,0.198359815479241
58_M_2,75_M_17,0.212118773638046
58_M_2,75_M_18,0.181818181818182
58_M_2,75_M_19,0.193785499498831
58_M_2,75_M_2,0.206389001213101
58_M_2,75_M_20,0.204491629236423
58_M_2,75_M_3,0.1874185136897
58_M_2,75_M_4,0.198683701122726
58_M_2,75_M_5,0.209126115507661
58_M_2,75_M_6,0.175747776879547
58_M_2,75_M_7,0.19309383710127
58_M_2,75_M_8,0.193130990415335
58_M_2,75_M_9,0.189242245779348
58_M_2,86_M_1,0.208478728933106
58_M_2,86_M_10,0.24275885500722
58_M_2,86_M_11,0.132512405807756
58_M_2,86_M_12,0.187587802660937
58_M_2,86_M_2,0.229423317264774
58_M_2,86_M_3,0.225518258305144
58_M_2,86_M_4,0.217574605274035
58_M_2,86_M_5,0.208480870541498
58_M_2,86_M_6,0.276493256262042
58_M_2,86_M_7,0.222791504834311
58_M_2,86_M_8,0.213653720778616
58_M_2,86_M_9,0.223811957077159
58_M_2,8_M_1,0.202280370765319
58_M_2,8_M_10,0.252273439949828
58_M_2,8_M_11,0.25334672021419
58_M_2,8_M_2,0.176251417463146
58_M_2,8_M_3,0.208050951253368
58_M_2,8_M_4,0.19978148899641
58_M_2,8_M_5,0.233964772349618
58_M_2,8_M_6,0.262313403049413
58_M_2,8_M_7,0.261926266524345
58_M_2,8_M_8,0.26202190128551
58_M_2,8_M_9,0.251244606704281
58_M_3,58_M_4,0.482634730538922
58_M_3,58_M_5,0.531422651933702
58_M_3,58_M_6,0.40691672401927
58_M_3,58_M_7,0.329544421205783
58_M_3,58_M_8,0.454448208236762
58_M_3,58_M_9,0.304738940925531
58_M_3,75_M_1,0.202876350948855
58_M_3,75_M_10,0.208196326890689
58_M_3,75_M_11,0.219361228026739
58_M_3,75_M_12,0.209068425391591
58_M_3,75_M_13,0.213587322993931
58_M_3,75_M_14,0.165650654311956
58_M_3,75_M_15,0.201234367386714
58_M_3,75_M_16,0.205900269776347
58_M_3,75_M_17,0.235274542429285
58_M_3,75_M_18,0.208182380489529
58_M_3,75_M_19,0.203332199931996
58_M_3,75_M_2,0.228860594188704
58_M_3,75_M_20,0.18412751120704
58_M_3,75_M_3,0.222730471498944
58_M_3,75_M_4,0.234424666242848
58_M_3,75_M_5,0.234595524956971
58_M_3,75_M_6,0.22023710135248
58_M_3,75_M_7,0.205502875796673
58_M_3,75_M_8,0.216594307766522
58_M_3,75_M_9,0.229174938457873
58_M_3,86_M_1,0.205803945464239
58_M_3,86_M_10,0.209686003193188
58_M_3,86_M_11,0.176987803725064
58_M_3,86_M_12,0.18207633842813
58_M_3,86_M_2,0.214452633471149
58_M_3,86_M_3,0.232309043020193
58_M_3,86_M_4,0.225765841376416
58_M_3,86_M_5,0.17789566755084
58_M_3,86_M_6,0.213100008177284
58_M_3,86_M_7,0.1772130595759
58_M_3,86_M_8,0.197408536585366
58_M_3,86_M_9,0.223168191287021
58_M_3,8_M_1,0.181725802354137
58_M_3,8_M_10,0.257266049185564
58_M_3,8_M_11,0.283350392357557
58_M_3,8_M_2,0.185605106240027
58_M_3,8_M_3,0.21545393858478
58_M_3,8_M_4,0.221372220894095
58_M_3,8_M_5,0.249534135185499
58_M_3,8_M_6,0.274892302690401
58_M_3,8_M_7,0.307512325561962
58_M_3,8_M_8,0.263183435781301
58_M_3,8_M_9,0.248771394678868
58_M_4,58_M_5,0.494784701791923
58_M_4,58_M_6,0.552330694810906
58_M_4,58_M_7,0.452027872074326
58_M_4,58_M_8,0.55456204379562
58_M_4,58_M_9,0.33682047450028
58_M_4,75_M_1,0.19903804110188
58_M_4,75_M_10,0.166707931006025
58_M_4,75_M_11,0.174687446480562
58_M_4,75_M_12,0.175835388147266
58_M_4,75_M_13,0.189596584473294
58_M_4,75_M_14,0.189869114397416
58_M_4,75_M_15,0.166772655007949
58_M_4,75_M_16,0.206577874422397
58_M_4,75_M_17,0.198173593923359
58_M_4,75_M_18,0.178917174614557
58_M_4,75_M_19,0.18065319925247
58_M_4,75_M_2,0.185624793933399
58_M_4,75_M_20,0.180040802448147
58_M_4,75_M_3,0.160061760164694
58_M_4,75_M_4,0.196811080689322
58_M_4,75_M_5,0.206228373702422
58_M_4,75_M_6,0.174871665404359
58_M_4,75_M_7,0.178376644209175
58_M_4,75_M_8,0.177585181408786
58_M_4,75_M_9,0.172855211894728
58_M_4,86_M_1,0.181180782407776
58_M_4,86_M_10,0.256228389041582
58_M_4,86_M_11,0.201013675050206
58_M_4,86_M_12,0.24464616198114
58_M_4,86_M_2,0.238535435925322
58_M_4,86_M_3,0.237611408199643
58_M_4,86_M_4,0.216326893973115
58_M_4,86_M_5,0.187322264012476
58_M_4,86_M_6,0.252279635258359
58_M_4,86_M_7,0.230742235479909
58_M_4,86_M_8,0.246585808423264
58_M_4,86_M_9,0.240122355340301
58_M_4,8_M_1,0.222222222222222
58_M_4,8_M_10,0.298277276456112
58_M_4,8_M_11,0.308462958080675
58_M_4,8_M_2,0.261896668932699
58_M_4,8_M_3,0.266632106445481
58_M_4,8_M_4,0.314429171125195
58_M_4,8_M_5,0.354201131911189
58_M_4,8_M_6,0.337516733601071
58_M_4,8_M_7,0.34781109962082
58_M_4,8_M_8,0.315947342109648
58_M_4,8_M_9,0.301031655056873
58_M_5,58_M_6,0.448083562007613
58_M_5,58_M_7,0.387775104695714
58_M_5,58_M_8,0.594932126696833
58_M_5,58_M_9,0.36968436968437
58_M_5,75_M_1,0.217173099735377
58_M_5,75_M_10,0.181357318070319
58_M_5,75_M_11,0.196748926134928
58_M_5,75_M_12,0.187484207866588
58_M_5,75_M_13,0.185779226348743
58_M_5,75_M_14,0.16564952048823
58_M_5,75_M_15,0.183478621834786
58_M_5,75_M_16,0.206073559533351
58_M_5,75_M_17,0.211798512508452
58_M_5,75_M_18,0.197930724246514
58_M_5,75_M_19,0.188371671798587
58_M_5,75_M_2,0.199019037326461
58_M_5,75_M_20,0.194392203795521
58_M_5,75_M_3,0.175803402646503
58_M_5,75_M_4,0.19855421686747
58_M_5,75_M_5,0.211640211640212
58_M_5,75_M_6,0.191811077132178
58_M_5,75_M_7,0.183588761174968
58_M_5,75_M_8,0.189864864864865
58_M_5,75_M_9,0.197476952935468
58_M_5,86_M_1,0.192352987359661
58_M_5,86_M_10,0.230643994211288
58_M_5,86_M_11,0.162100456621005
58_M_5,86_M_12,0.243533556758615
58_M_5,86_M_2,0.250592741200073
58_M_5,86_M_3,0.252475247524752
58_M_5,86_M_4,0.212001375515818
58_M_5,86_M_5,0.217185687516731
58_M_5,86_M_6,0.211257004265284
58_M_5,86_M_7,0.233113828786453
58_M_5,86_M_8,0.227514764255978
58_M_5,86_M_9,0.225285257873117
58_M_5,8_M_1,0.220887554220888
58_M_5,8_M_10,0.280747572023178
58_M_5,8_M_11,0.296302740321879
58_M_5,8_M_2,0.240839468562241
58_M_5,8_M_3,0.276056338028169
58_M_5,8_M_4,0.276080084299262
58_M_5,8_M_5,0.308917748917749
58_M_5,8_M_6,0.36147581851421
58_M_5,8_M_7,0.321078222298047
58_M_5,8_M_8,0.315876288659794
58_M_5,8_M_9,0.2825246887076
58_M_6,58_M_7,0.403681200857756
58_M_6,58_M_8,0.455297862664848
58_M_6,58_M_9,0.363737280296022
58_M_6,75_M_1,0.232505446623094
58_M_6,75_M_10,0.199157348889969
58_M_6,75_M_11,0.198644852090564
58_M_6,75_M_12,0.178571428571429
58_M_6,75_M_13,0.191998646705574
58_M_6,75_M_14,0.183497324356983
58_M_6,75_M_15,0.17189609976964
58_M_6,75_M_16,0.195537596626845
58_M_6,75_M_17,0.19269436997319
58_M_6,75_M_18,0.185609450510113
58_M_6,75_M_19,0.205844545376639
58_M_6,75_M_2,0.198005232177894
58_M_6,75_M_20,0.199643190892872
58_M_6,75_M_3,0.183706755944716
58_M_6,75_M_4,0.214177012414898
58_M_6,75_M_5,0.217579750346741
58_M_6,75_M_6,0.183578104138852
58_M_6,75_M_7,0.179973043685087
58_M_6,75_M_8,0.183612391814285
58_M_6,75_M_9,0.186487554326353
58_M_6,86_M_1,0.212426402231174
58_M_6,86_M_10,0.245400996828274
58_M_6,86_M_11,0.172768878718535
58_M_6,86_M_12,0.233456855479089
58_M_6,86_M_2,0.194688677552485
58_M_6,86_M_3,0.208701867238453
58_M_6,86_M_4,0.223571625724538
58_M_6,86_M_5,0.19472120258696
58_M_6,86_M_6,0.248368229210816
58_M_6,86_M_7,0.205402650356779
58_M_6,86_M_8,0.23210511807406
58_M_6,86_M_9,0.209847198641766
58_M_6,8_M_1,0.198981324278438
58_M_6,8_M_10,0.27313788289398
58_M_6,8_M_11,0.270279781805384
58_M_6,8_M_2,0.26765735758818
58_M_6,8_M_3,0.246565814640932
58_M_6,8_M_4,0.252176770165927
58_M_6,8_M_5,0.28879235447437
58_M_6,8_M_6,0.281299590745845
58_M_6,8_M_7,0.297327683127216
58_M_6,8_M_8,0.278088247560264
58_M_6,8_M_9,0.267917182799504
58_M_7,58_M_8,0.475329967224732
58_M_7,58_M_9,0.346358792184725
58_M_7,75_M_1,0.199929165928812
58_M_7,75_M_10,0.226695771687283
58_M_7,75_M_11,0.210289667099006
58_M_7,75_M_12,0.190538872891814
58_M_7,75_M_13,0.210429703796412
58_M_7,75_M_14,0.173141891891892
58_M_7,75_M_15,0.18562874251497
58_M_7,75_M_16,0.191284954537657
58_M_7,75_M_17,0.215952980688497
58_M_7,75_M_18,0.193928881179532
58_M_7,75_M_19,0.191754043006931
58_M_7,75_M_2,0.203384367445608
58_M_7,75_M_20,0.195362604834731
58_M_7,75_M_3,0.214795918367347
58_M_7,75_M_4,0.193226610892125
58_M_7,75_M_5,0.216420416386837
58_M_7,75_M_6,0.173149309912171
58_M_7,75_M_7,0.182923028980991
58_M_7,75_M_8,0.189191372485661
58_M_7,75_M_9,0.220771803867178
58_M_7,86_M_1,0.206671225590761
58_M_7,86_M_10,0.260877086757201
58_M_7,86_M_11,0.149566803465572
58_M_7,86_M_12,0.197236944999566
58_M_7,86_M_2,0.258334819040827
58_M_7,86_M_3,0.235201124187599
58_M_7,86_M_4,0.21952479338843
58_M_7,86_M_5,0.192522274960446
58_M_7,86_M_6,0.249457338453832
58_M_7,86_M_7,0.233147491130258
58_M_7,86_M_8,0.208235506592017
58_M_7,86_M_9,0.229057479164877
58_M_7,8_M_1,0.244756399669694
58_M_7,8_M_10,0.220570412862568
58_M_7,8_M_11,0.239951699154735
58_M_7,8_M_2,0.264440734557596
58_M_7,8_M_3,0.263945578231292
58_M_7,8_M_4,0.269628183223497
58_M_7,8_M_5,0.284423224486316
58_M_7,8_M_6,0.304553615146075
58_M_7,8_M_7,0.28717424629535
58_M_7,8_M_8,0.266327117390947
58_M_7,8_M_9,0.244471530558941
58_M_8,58_M_9,0.370300396750425
58_M_8,75_M_1,0.181581152807524
58_M_8,75_M_10,0.187783774522402
58_M_8,75_M_11,0.177597017454669
58_M_8,75_M_12,0.176081162410799
58_M_8,75_M_13,0.182117088318568
58_M_8,75_M_14,0.162893617021277
58_M_8,75_M_15,0.179182031511901
58_M_8,75_M_16,0.177936612432992
58_M_8,75_M_17,0.170578133943904
58_M_8,75_M_18,0.166388115134633
58_M_8,75_M_19,0.177762102107398
58_M_8,75_M_2,0.192122796660201
58_M_8,75_M_20,0.184615384615385
58_M_8,75_M_3,0.156698876991382
58_M_8,75_M_4,0.186618857468829
58_M_8,75_M_5,0.194142695750413
58_M_8,75_M_6,0.16804979253112
58_M_8,75_M_7,0.162487945998071
58_M_8,75_M_8,0.174007340674007
58_M_8,75_M_9,0.19382461918485
58_M_8,86_M_1,0.223545288560768
58_M_8,86_M_10,0.243867882759231
58_M_8,86_M_11,0.141453073809983
58_M_8,86_M_12,0.198919107391911
58_M_8,86_M_2,0.235972540045767
58_M_8,86_M_3,0.249490564366085
58_M_8,86_M_4,0.215102575294631
58_M_8,86_M_5,0.216621499548329
58_M_8,86_M_6,0.224070616194195
58_M_8,86_M_7,0.237249782419495
58_M_8,86_M_8,0.26064129008063
58_M_8,86_M_9,0.234011503133316
58_M_8,8_M_1,0.212955677943876
58_M_8,8_M_10,0.30182475752096
58_M_8,8_M_11,0.321642580190342
58_M_8,8_M_2,0.31728813559322
58_M_8,8_M_3,0.352618025751073
58_M_8,8_M_4,0.329925574548131
58_M_8,8_M_5,0.353382147838215
58_M_8,8_M_6,0.35198406109912
58_M_8,8_M_7,0.315636983383042
58_M_8,8_M_8,0.325950413223141
58_M_8,8_M_9,0.30656807307525
58_M_9,75_M_1,0.21032041728763
58_M_9,75_M_10,0.179919958239081
58_M_9,75_M_11,0.186422324031653
58_M_9,75_M_12,0.191429304593277
58_M_9,75_M_13,0.198126301179736
58_M_9,75_M_14,0.178407740621287
58_M_9,75_M_15,0.224259634888438
58_M_9,75_M_16,0.201373405868189
58_M_9,75_M_17,0.195697317052911
58_M_9,75_M_18,0.190310786106033
58_M_9,75_M_19,0.178371547210688
58_M_9,75_M_2,0.173898641934415
58_M_9,75_M_20,0.182989235927298
58_M_9,75_M_3,0.184011269589717
58_M_9,75_M_4,0.189916383806606
58_M_9,75_M_5,0.216583273766976
58_M_9,75_M_6,0.199776497893922
58_M_9,75_M_7,0.18735632183908
58_M_9,75_M_8,0.19027555405747
58_M_9,75_M_9,0.182376717865804
58_M_9,86_M_1,0.200870597546498
58_M_9,86_M_10,0.22591847925425
58_M_9,86_M_11,0.239537390963442
58_M_9,86_M_12,0.224436287362349
58_M_9,86_M_2,0.229160858656259
58_M_9,86_M_3,0.219295122819509
58_M_9,86_M_4,0.208811214272711
58_M_9,86_M_5,0.18974126191557
58_M_9,86_M_6,0.182853258560625
58_M_9,86_M_7,0.221108999827259
58_M_9,86_M_8,0.20410447761194
58_M_9,86_M_9,0.228199417508994
58_M_9,8_M_1,0.236221867800815
58_M_9,8_M_10,0.26135523613963
58_M_9,8_M_11,0.287043539325843
58_M_9,8_M_2,0.326509896802571
58_M_9,8_M_3,0.27994178580601
58_M_9,8_M_4,0.304075235109718
58_M_9,8_M_5,0.307371349095967
58_M_9,8_M_6,0.307207953603977
58_M_9,8_M_7,0.308269394714408
58_M_9,8_M_8,0.301530823334712
58_M_9,8_M_9,0.28148930551888
75_M_1,75_M_10,0.45905383360522
75_M_1,75_M_11,0.528223220012829
75_M_1,75_M_12,0.527752799803809
75_M_1,75_M_13,0.445241471348736
75_M_1,75_M_14,0.529183508488278
75_M_1,75_M_15,0.508861756597085
75_M_1,75_M_16,0.468718123087385
75_M_1,75_M_17,0.481386803003675
75_M_1,75_M_18,0.46532167287211
75_M_1,75_M_19,0.442434488588335
75_M_1,75_M_2,0.499511559752524
75_M_1,75_M_20,0.46395609877775
75_M_1,75_M_3,0.380533964177087
75_M_1,75_M_4,0.488532656138402
75_M_1,75_M_5,0.490766073871409
75_M_1,75_M_6,0.49335832450493
75_M_1,75_M_7,0.407997500781006
75_M_1,75_M_8,0.457644877891513
75_M_1,75_M_9,0.515879285827145
75_M_1,86_M_1,0.208863602335679
75_M_1,86_M_10,0.194750211685013
75_M_1,86_M_11,0.202744329319518
75_M_1,86_M_12,0.218884861039185
75_M_1,86_M_2,0.170084332001775
75_M_1,86_M_3,0.150711459122674
75_M_1,86_M_4,0.193426458504519
75_M_1,86_M_5,0.164700016619578
75_M_1,86_M_6,0.212174751044009
75_M_1,86_M_7,0.205235426946558
75_M_1,86_M_8,0.19480755265069
75_M_1,86_M_9,0.232422907488987
75_M_1,8_M_1,0.178789561354803
75_M_1,8_M_10,0.176541717049577
75_M_1,8_M_11,0.188132898150473
75_M_1,8_M_2,0.182346765727207
75_M_1,8_M_3,0.175144880875724
75_M_1,8_M_4,0.188342212472579
75_M_1,8_M_5,0.179988546183425
75_M_1,8_M_6,0.187195320116997
75_M_1,8_M_7,0.17763051559722
75_M_1,8_M_8,0.21509890997174
75_M_1,8_M_9,0.171538092956397
75_M_10,75_M_11,0.696833930704898
75_M_10,75_M_12,0.694553706505295
75_M_10,75_M_13,0.713508543406635
75_M_10,75_M_14,0.650668704623615
75_M_10,75_M_15,0.662267194603314
75_M_10,75_M_16,0.611085016439643
75_M_10,75_M_17,0.586366348448687
75_M_10,75_M_18,0.573164880857189
75_M_10,75_M_19,0.531936517864123
75_M_10,75_M_2,0.6501001409391
75_M_10,75_M_20,0.618363426815213
75_M_10,75_M_3,0.626959247648903
75_M_10,75_M_4,0.625280370450763
75_M_10,75_M_5,0.579121981328601
75_M_10,75_M_6,0.681247162100802
75_M_10,75_M_7,0.671033688453786
75_M_10,75_M_8,0.693092737760686
75_M_10,75_M_9,0.672722029988466
75_M_10,86_M_1,0.228376165729337
75_M_10,86_M_10,0.201227604512276
75_M_10,86_M_11,0.210358699296011
75_M_10,86_M_12,0.205492575443078
75_M_10,86_M_2,0.190507580751483
75_M_10,86_M_3,0.173209028459274
75_M_10,86_M_4,0.225259792166267
75_M_10,86_M_5,0.21944377654885
75_M_10,86_M_6,0.18251013485563
75_M_10,86_M_7,0.174777030198717
75_M_10,86_M_8,0.181864192323914
75_M_10,86_M_9,0.210056235527622
75_M_10,8_M_1,0.1865625
75_M_10,8_M_10,0.184497024241544
75_M_10,8_M_11,0.180232105304151
75_M_10,8_M_2,0.178112403985094
75_M_10,8_M_3,0.199309551208285
75_M_10,8_M_4,0.209359422662004
75_M_10,8_M_5,0.19993692841375
75_M_10,8_M_6,0.197725549658832
75_M_10,8_M_7,0.176959802864623
75_M_10,8_M_8,0.18951006913135
75_M_10,8_M_9,0.189284568495348
75_M_11,75_M_12,0.780872865275142
75_M_11,75_M_13,0.753406728770498
75_M_11,75_M_14,0.711638591117917
75_M_11,75_M_15,0.674796150738265
75_M_11,75_M_16,0.696770147381624
75_M_11,75_M_17,0.64158239143367
75_M_11,75_M_18,0.641285140562249
75_M_11,75_M_19,0.597453630933669
75_M_11,75_M_2,0.692690906387092
75_M_11,75_M_20,0.695322767684577
75_M_11,75_M_3,0.637134479752754
75_M_11,75_M_4,0.642846725973458
75_M_11,75_M_5,0.597966943431365
75_M_11,75_M_6,0.673113530800274
75_M_11,75_M_7,0.675899071925754
75_M_11,75_M_8,0.698905383115909
75_M_11,75_M_9,0.73214156473909
75_M_11,86_M_1,0.238341225426891
75_M_11,86_M_10,0.213570090412967
75_M_11,86_M_11,0.195360607338676
75_M_11,86_M_12,0.204600289528712
75_M_11,86_M_2,0.209002677376171
75_M_11,86_M_3,0.17381453309597
75_M_11,86_M_4,0.237432816945937
75_M_11,86_M_5,0.211586495850455
75_M_11,86_M_6,0.224878476372619
75_M_11,86_M_7,0.234232756499631
75_M_11,86_M_8,0.210820895522388
75_M_11,86_M_9,0.236976669862576
75_M_11,8_M_1,0.199130778348479
75_M_11,8_M_10,0.197265187177763
75_M_11,8_M_11,0.215228908041433
75_M_11,8_M_2,0.187035069075452
75_M_11,8_M_3,0.196838189708617
75_M_11,8_M_4,0.201601934411365
75_M_11,8_M_5,0.195906203435025
75_M_11,8_M_6,0.206781713593703
75_M_11,8_M_7,0.209343766948168
75_M_11,8_M_8,0.210271537705166
75_M_11,8_M_9,0.202179920171937
75_M_12,75_M_13,0.70482445851904
75_M_12,75_M_14,0.686627365808253
75_M_12,75_M_15,0.682422891118543
75_M_12,75_M_16,0.650811326757875
75_M_12,75_M_17,0.607132109539573
75_M_12,75_M_18,0.601108033240997
75_M_12,75_M_19,0.571178064721824
75_M_12,75_M_2,0.703753957485301
75_M_12,75_M_20,0.668182174492436
75_M_12,75_M_3,0.649947753396029
75_M_12,75_M_4,0.626677541336101
75_M_12,75_M_5,0.601418439716312
75_M_12,75_M_6,0.638869585360204
75_M_12,75_M_7,0.68910774658239
75_M_12,75_M_8,0.699977149821007
75_M_12,75_M_9,0.721313879316665
75_M_12,86_M_1,0.234178131788559
75_M_12,86_M_10,0.20952851961754
75_M_12,86_M_11,0.215123042505593
75_M_12,86_M_12,0.192889252145484
75_M_12,86_M_2,0.213732833957553
75_M_12,86_M_3,0.190483936559577
75_M_12,86_M_4,0.230030414599008
75_M_12,86_M_5,0.213847788768086
75_M_12,86_M_6,0.208038585209003
75_M_12,86_M_7,0.196649179218142
75_M_12,86_M_8,0.185188408319554
75_M_12,86_M_9,0.23290442664077
75_M_12,8_M_1,0.20090200902009
75_M_12,8_M_10,0.201761527644142
75_M_12,8_M_11,0.193956088471198
75_M_12,8_M_2,0.190483607195701
75_M_12,8_M_3,0.194085467374931
75_M_12,8_M_4,0.207570022710068
75_M_12,8_M_5,0.194822779769016
75_M_12,8_M_6,0.199053603289116
75_M_12,8_M_7,0.185804416403785
75_M_12,8_M_8,0.192916698538973
75_M_12,8_M_9,0.182664247969083
75_M_13,75_M_14,0.70008725311335
75_M_13,75_M_15,0.710939276779622
75_M_13,75_M_16,0.707263746052312
75_M_13,75_M_17,0.660666205092699
75_M_13,75_M_18,0.609250663129973
75_M_13,75_M_19,0.580368693402329
75_M_13,75_M_2,0.665235393344579
75_M_13,75_M_20,0.671217653595809
75_M_13,75_M_3,0.593104569848756
75_M_13,75_M_4,0.617710906504978
75_M_13,75_M_5,0.572981614708233
75_M_13,75_M_6,0.651250293956259
75_M_13,75_M_7,0.652520288883925
75_M_13,75_M_8,0.655845647347064
75_M_13,75_M_9,0.689382642409782
75_M_13,86_M_1,0.234274283174039
75_M_13,86_M_10,0.192801409514221
75_M_13,86_M_11,0.224338254564515
75_M_13,86_M_12,0.200494233937397
75_M_13,86_M_2,0.212296195652174
75_M_13,86_M_3,0.166231050705698
75_M_13,86_M_4,0.207475209763539
75_M_13,86_M_5,0.229666666666667
75_M_13,86_M_6,0.213229183978727
75_M_13,86_M_7,0.208683713746353
75_M_13,86_M_8,0.205228525698026
75_M_13,86_M_9,0.232845800250731
75_M_13,8_M_1,0.187980491030834
75_M_13,8_M_10,0.198751222447905
75_M_13,8_M_11,0.215603068385833
75_M_13,8_M_2,0.20365411875886
75_M_13,8_M_3,0.213556618819777
75_M_13,8_M_4,0.199798340184596
75_M_13,8_M_5,0.210338101430429
75_M_13,8_M_6,0.222013022672001
75_M_13,8_M_7,0.214933033924132
75_M_13,8_M_8,0.216047455510459
75_M_13,8_M_9,0.208164279208413
75_M_14,75_M_15,0.712679621770531
75_M_14,75_M_16,0.658211590945577
75_M_14,75_M_17,0.630012150668287
75_M_14,75_M_18,0.6304490331039
75_M_14,75_M_19,0.609526869628083
75_M_14,75_M_2,0.626638220054861
75_M_14,75_M_20,0.619537073362103
75_M_14,75_M_3,0.590397538660837
75_M_14,75_M_4,0.619914587547764
75_M_14,75_M_5,0.549972127100422
75_M_14,75_M_6,0.640137060976559
75_M_14,75_M_7,0.647682610307749
75_M_14,75_M_8,0.647081502043334
75_M_14,75_M_9,0.640574134359278
75_M_14,86_M_1,0.220993671346476
75_M_14,86_M_10,0.213482195720206
75_M_14,86_M_11,0.226507713884993
75_M_14,86_M_12,0.216070112212302
75_M_14,86_M_2,0.218657661460532
75_M_14,86_M_3,0.178997821350763
75_M_14,86_M_4,0.222371064969859
75_M_14,86_M_5,0.211153400628827
75_M_14,86_M_6,0.245099627409687
75_M_14,86_M_7,0.225052018310445
75_M_14,86_M_8,0.212323943661972
75_M_14,86_M_9,0.223485784919654
75_M_14,8_M_1,0.193174500965872
75_M_14,8_M_10,0.204421945953994
75_M_14,8_M_11,0.200577663671374
75_M_14,8_M_2,0.190779014308426
75_M_14,8_M_3,0.192602823818293
75_M_14,8_M_4,0.209500422070447
75_M_14,8_M_5,0.186906789973229
75_M_14,8_M_6,0.198061264055836
75_M_14,8_M_7,0.186210206366981
75_M_14,8_M_8,0.20282078798099
75_M_14,8_M_9,0.176040673657452
75_M_15,75_M_16,0.686134743619223
75_M_15,75_M_17,0.647545744989834
75_M_15,75_M_18,0.607126113455227
75_M_15,75_M_19,0.561997396032779
75_M_15,75_M_2,0.612265733245825
75_M_15,75_M_20,0.588870556472176
75_M_15,75_M_3,0.583932575581845
75_M_15,75_M_4,0.566330935251799
75_M_15,75_M_5,0.56205768206377
75_M_15,75_M_6,0.662397617274758
75_M_15,75_M_7,0.636634929657525
75_M_15,75_M_8,0.622638724911452
75_M_15,75_M_9,0.653652303542273
75_M_15,86_M_1,0.231804795961296
75_M_15,86_M_10,0.199952278692436
75_M_15,86_M_11,0.21382596338711
75_M_15,86_M_12,0.217391304347826
75_M_15,86_M_2,0.209823557463042
75_M_15,86_M_3,0.176228156940323
75_M_15,86_M_4,0.211177170035672
75_M_15,86_M_5,0.209752627835296
75_M_15,86_M_6,0.206262079628914
75_M_15,86_M_7,0.216740800646987
75_M_15,86_M_8,0.193314671496789
75_M_15,86_M_9,0.228442226726961
75_M_15,8_M_1,0.221559705005492
75_M_15,8_M_10,0.20750677893535
75_M_15,8_M_11,0.202461538461538
75_M_15,8_M_2,0.197487065779749
75_M_15,8_M_3,0.197309417040359
75_M_15,8_M_4,0.224624537473699
75_M_15,8_M_5,0.212842599843383
75_M_15,8_M_6,0.214488848974704
75_M_15,8_M_7,0.206371191135734
75_M_15,8_M_8,0.207328762073288
75_M_15,8_M_9,0.192559829397362
75_M_16,75_M_17,0.695807731197013
75_M_16,75_M_18,0.642327150084317
75_M_16,75_M_19,0.59618232680599
75_M_16,75_M_2,0.625545171339564
75_M_16,75_M_20,0.636774193548387
75_M_16,75_M_3,0.55055805430618
75_M_16,75_M_4,0.552944766554776
75_M_16,75_M_5,0.520045632333768
75_M_16,75_M_6,0.609535979554349
75_M_16,75_M_7,0.611566484517304
75_M_16,75_M_8,0.576447420244191
75_M_16,75_M_9,0.640163562017265
75_M_16,86_M_1,0.216851140727355
75_M_16,86_M_10,0.218375042852245
75_M_16,86_M_11,0.234837545126354
75_M_16,86_M_12,0.217442446647622
75_M_16,86_M_2,0.225087924970692
75_M_16,86_M_3,0.170224119530416
75_M_16,86_M_4,0.202984038861901
75_M_16,86_M_5,0.233710927518951
75_M_16,86_M_6,0.186136287344747
75_M_16,86_M_7,0.201143862736472
75_M_16,86_M_8,0.181282782736726
75_M_16,86_M_9,0.211535199321459
75_M_16,8_M_1,0.20612435321062
75_M_16,8_M_10,0.211673753382296
75_M_16,8_M_11,0.218861653510594
75_M_16,8_M_2,0.211929035883439
75_M_16,8_M_3,0.203367663887527
75_M_16,8_M_4,0.214768227346844
75_M_16,8_M_5,0.221047414505204
75_M_16,8_M_6,0.218594975196031
75_M_16,8_M_7,0.21617635007785
75_M_16,8_M_8,0.216039540816327
75_M_16,8_M_9,0.203389830508475
75_M_17,75_M_18,0.655972045743329
75_M_17,75_M_19,0.645156286356938
75_M_17,75_M_2,0.554801593155333
75_M_17,75_M_20,0.601839884437011
75_M_17,75_M_3,0.542252967533999
75_M_17,75_M_4,0.532016843328009
75_M_17,75_M_5,0.533518048179789
75_M_17,75_M_6,0.593627302929629
75_M_17,75_M_7,0.636540260487875
75_M_17,75_M_8,0.560244557113033
75_M_17,75_M_9,0.614258022830067
75_M_17,86_M_1,0.22022792022792
75_M_17,86_M_10,0.218500925851381
75_M_17,86_M_11,0.21673455532926
75_M_17,86_M_12,0.202334630350195
75_M_17,86_M_2,0.220553806409946
75_M_17,86_M_3,0.202776400594943
75_M_17,86_M_4,0.224146147736299
75_M_17,86_M_5,0.233231462119994
75_M_17,86_M_6,0.186053808141815
75_M_17,86_M_7,0.209778658738024
75_M_17,86_M_8,0.195835484426088
75_M_17,86_M_9,0.236025835260346
75_M_17,8_M_1,0.213195548489666
75_M_17,8_M_10,0.188425691785276
75_M_17,8_M_11,0.220102373196836
75_M_17,8_M_2,0.215322459973066
75_M_17,8_M_3,0.193548387096774
75_M_17,8_M_4,0.219559392676392
75_M_17,8_M_5,0.20336331638639
75_M_17,8_M_6,0.2037691401649
75_M_17,8_M_7,0.197353323644152
75_M_17,8_M_8,0.206789208419804
75_M_17,8_M_9,0.203303684879288
75_M_18,75_M_19,0.677215722582274
75_M_18,75_M_2,0.597767145135566
75_M_18,75_M_20,0.650653944229662
75_M_18,75_M_3,0.557180737319305
75_M_18,75_M_4,0.544084164245898
75_M_18,75_M_5,0.547993311036789
75_M_18,75_M_6,0.591417296941795
75_M_18,75_M_7,0.61094248579656
75_M_18,75_M_8,0.60968107495548
75_M_18,75_M_9,0.622528878207613
75_M_18,86_M_1,0.238717709305945
75_M_18,86_M_10,0.20519737433684
75_M_18,86_M_11,0.221205745128534
75_M_18,86_M_12,0.200482675400793
75_M_18,86_M_2,0.205432008749544
75_M_18,86_M_3,0.201123391918826
75_M_18,86_M_4,0.216018146920258
75_M_18,86_M_5,0.209176552686671
75_M_18,86_M_6,0.215897257896564
75_M_18,86_M_7,0.19628360093812
75_M_18,86_M_8,0.183278568820738
75_M_18,86_M_9,0.196308724832215
75_M_18,8_M_1,0.203287197231834
75_M_18,8_M_10,0.19259842519685
75_M_18,8_M_11,0.200686106346484
75_M_18,8_M_2,0.179544145478483
75_M_18,8_M_3,0.192580513656747
75_M_18,8_M_4,0.206651598320956
75_M_18,8_M_5,0.201263303625508
75_M_18,8_M_6,0.198322644301924
75_M_18,8_M_7,0.180446027304333
75_M_18,8_M_8,0.206805852375473
75_M_18,8_M_9,0.179168822210726
75_M_19,75_M_2,0.521088329305372
75_M_19,75_M_20,0.633049622611209
75_M_19,75_M_3,0.486152819486153
75_M_19,75_M_4,0.500729814857494
75_M_19,75_M_5,0.47466753691768
75_M_19,75_M_6,0.542939852042457
75_M_19,75_M_7,0.601187756966651
75_M_19,75_M_8,0.57493080268881
75_M_19,75_M_9,0.599120279083877
75_M_19,86_M_1,0.198105214511284
75_M_19,86_M_10,0.199711056344013
75_M_19,86_M_11,0.221906621693591
75_M_19,86_M_12,0.181863979848866
75_M_19,86_M_2,0.213962565421804
75_M_19,86_M_3,0.184027472043674
75_M_19,86_M_4,0.206486113506986
75_M_19,86_M_5,0.217457886676876
75_M_19,86_M_6,0.219477354844131
75_M_19,86_M_7,0.182612999010228
75_M_19,86_M_8,0.191225689733152
75_M_19,86_M_9,0.185025675004141
75_M_19,8_M_1,0.213034691815426
75_M_19,8_M_10,0.21085868309588
75_M_19,8_M_11,0.218964803312629
75_M_19,8_M_2,0.194283904678964
75_M_19,8_M_3,0.204253293128075
75_M_19,8_M_4,0.193209440915863
75_M_19,8_M_5,0.187334656084656
75_M_19,8_M_6,0.20555032925682
75_M_19,8_M_7,0.208989501312336
75_M_19,8_M_8,0.198954538254396
75_M_19,8_M_9,0.202602230483271
75_M_2,75_M_20,0.595391705069124
75_M_2,75_M_3,0.619332493702771
75_M_2,75_M_4,0.642268190365977
75_M_2,75_M_5,0.589650651654199
75_M_2,75_M_6,0.649364406779661
75_M_2,75_M_7,0.620739352886071
75_M_2,75_M_8,0.607762795202265
75_M_2,75_M_9,0.683600777146147
75_M_2,86_M_1,0.240464582735876
75_M_2,86_M_10,0.185242308628947
75_M_2,86_M_11,0.206552469649094
75_M_2,86_M_12,0.199620673304884
75_M_2,86_M_2,0.180639868744873
75_M_2,86_M_3,0.185203331700147
75_M_2,86_M_4,0.219992097984986
75_M_2,86_M_5,0.177884615384615
75_M_2,86_M_6,0.201951296898548
75_M_2,86_M_7,0.193276655487091
75_M_2,86_M_8,0.205929554861052
75_M_2,86_M_9,0.206449597876161
75_M_2,8_M_1,0.173392665336811
75_M_2,8_M_10,0.20698766881973
75_M_2,8_M_11,0.19078025229715
75_M_2,8_M_2,0.196093392339387
75_M_2,8_M_3,0.207607095824618
75_M_2,8_M_4,0.195619561956196
75_M_2,8_M_5,0.214718614718615
75_M_2,8_M_6,0.222423967317295
75_M_2,8_M_7,0.197462086041473
75_M_2,8_M_8,0.202329298926696
75_M_2,8_M_9,0.205898898979346
75_M_20,75_M_3,0.562734540708109
75_M_20,75_M_4,0.580439727065959
75_M_20,75_M_5,0.509725124578042
75_M_20,75_M_6,0.579504184430759
75_M_20,75_M_7,0.581295613573095
75_M_20,75_M_8,0.582276511320314
75_M_20,75_M_9,0.628618445657865
75_M_20,86_M_1,0.212659347137278
75_M_20,86_M_10,0.220689655172414
75_M_20,86_M_11,0.210427670812745
75_M_20,86_M_12,0.207839262187088
75_M_20,86_M_2,0.19568489713999
75_M_20,86_M_3,0.169738534076297
75_M_20,86_M_4,0.185608826153971
75_M_20,86_M_5,0.215769712140175
75_M_20,86_M_6,0.193957898119878
75_M_20,86_M_7,0.194451471456278
75_M_20,86_M_8,0.189730799002322
75_M_20,86_M_9,0.219397137602942
75_M_20,8_M_1,0.176803394625177
75_M_20,8_M_10,0.210828866620057
75_M_20,8_M_11,0.192598551890587
75_M_20,8_M_2,0.169483640874554
75_M_20,8_M_3,0.212899496242464
75_M_20,8_M_4,0.211213935764834
75_M_20,8_M_5,0.224682246822468
75_M_20,8_M_6,0.207597240124346
75_M_20,8_M_7,0.181616129544372
75_M_20,8_M_8,0.19357833655706
75_M_20,8_M_9,0.196360628618693
75_M_3,75_M_4,0.643669330055317
75_M_3,75_M_5,0.646072954321393
75_M_3,75_M_6,0.670791482523102
75_M_3,75_M_7,0.626522429835842
75_M_3,75_M_8,0.623398804440649
75_M_3,75_M_9,0.632035290538485
75_M_3,86_M_1,0.261225705562588
75_M_3,86_M_10,0.221443587946741
75_M_3,86_M_11,0.212977777777778
75_M_3,86_M_12,0.216096480433177
75_M_3,86_M_2,0.220082530949106
75_M_3,86_M_3,0.193531649948115
75_M_3,86_M_4,0.238821052631579
75_M_3,86_M_5,0.2391724833908
75_M_3,86_M_6,0.201746045466332
75_M_3,86_M_7,0.198137472283814
75_M_3,86_M_8,0.177769461077844
75_M_3,86_M_9,0.24537281861449
75_M_3,8_M_1,0.186392510865931
75_M_3,8_M_10,0.190048103461872
75_M_3,8_M_11,0.200472095767999
75_M_3,8_M_2,0.167909550156363
75_M_3,8_M_3,0.183355006501951
75_M_3,8_M_4,0.183663907543339
75_M_3,8_M_5,0.189359933499584
75_M_3,8_M_6,0.199522292993631
75_M_3,8_M_7,0.186127167630058
75_M_3,8_M_8,0.18266827891979
75_M_3,8_M_9,0.182419035029742
75_M_4,75_M_5,0.618455743879473
75_M_4,75_M_6,0.633944411590775
75_M_4,75_M_7,0.608946812257837
75_M_4,75_M_8,0.589607942604537
75_M_4,75_M_9,0.603510255868048
75_M_4,86_M_1,0.281448405776879
75_M_4,86_M_10,0.201026792876624
75_M_4,86_M_11,0.180893159977388
75_M_4,86_M_12,0.239294906793542
75_M_4,86_M_2,0.20474446744149
75_M_4,86_M_3,0.21210922041947
75_M_4,86_M_4,0.238810569293583
75_M_4,86_M_5,0.229036295369212
75_M_4,86_M_6,0.188488298545225
75_M_4,86_M_7,0.206901887960384
75_M_4,86_M_8,0.199378560331435
75_M_4,86_M_9,0.250807493540052
75_M_4,8_M_1,0.186851211072664
75_M_4,8_M_10,0.188282711961998
75_M_4,8_M_11,0.205426950789514
75_M_4,8_M_2,0.191054502369668
75_M_4,8_M_3,0.214452565744857
75_M_4,8_M_4,0.219943678243917
75_M_4,8_M_5,0.211734108467834
75_M_4,8_M_6,0.232690622261174
75_M_4,8_M_7,0.195540825549864
75_M_4,8_M_8,0.200363240101707
75_M_4,8_M_9,0.206237195538356
75_M_5,75_M_6,0.632077706704572
75_M_5,75_M_7,0.613421408196967
75_M_5,75_M_8,0.583611132645942
75_M_5,75_M_9,0.624446612140767
75_M_5,86_M_1,0.264156559267803
75_M_5,86_M_10,0.196704516349355
75_M_5,86_M_11,0.17241980474198
75_M_5,86_M_12,0.205750373940502
75_M_5,86_M_2,0.196642685851319
75_M_5,86_M_3,0.197640622328603
75_M_5,86_M_4,0.236993270966683
75_M_5,86_M_5,0.207422300410488
75_M_5,86_M_6,0.199866086374289
75_M_5,86_M_7,0.190767703507611
75_M_5,86_M_8,0.189485114469279
75_M_5,86_M_9,0.227978370835514
75_M_5,8_M_1,0.16411325900377
75_M_5,8_M_10,0.204809930178433
75_M_5,8_M_11,0.196461055068629
75_M_5,8_M_2,0.198845210788579
75_M_5,8_M_3,0.202491470284853
75_M_5,8_M_4,0.184454665939035
75_M_5,8_M_5,0.197153141361257
75_M_5,8_M_6,0.190438686303851
75_M_5,8_M_7,0.196200510855683
75_M_5,8_M_8,0.200217966682236
75_M_5,8_M_9,0.182673588578845
75_M_6,75_M_7,0.686602342196362
75_M_6,75_M_8,0.654426826492679
75_M_6,75_M_9,0.665487508290957
75_M_6,86_M_1,0.246493278784337
75_M_6,86_M_10,0.200708980418636
75_M_6,86_M_11,0.207062876830319
75_M_6,86_M_12,0.216780343495768
75_M_6,86_M_2,0.1922369081479
75_M_6,86_M_3,0.200251572327044
75_M_6,86_M_4,0.230203025155707
75_M_6,86_M_5,0.205650459921156
75_M_6,86_M_6,0.193690748610657
75_M_6,86_M_7,0.202105263157895
75_M_6,86_M_8,0.203133251188171
75_M_6,86_M_9,0.236626916524702
75_M_6,8_M_1,0.198324249572928
75_M_6,8_M_10,0.185478499000814
75_M_6,8_M_11,0.201607012417823
75_M_6,8_M_2,0.192265879794999
75_M_6,8_M_3,0.1936805610275
75_M_6,8_M_4,0.204161937192584
75_M_6,8_M_5,0.199373443650092
75_M_6,8_M_6,0.210161662817552
75_M_6,8_M_7,0.211147850732168
75_M_6,8_M_8,0.198952072738481
75_M_6,8_M_9,0.201762332207856
75_M_7,75_M_8,0.695664677546912
75_M_7,75_M_9,0.712756969867643
75_M_7,86_M_1,0.249425847310182
75_M_7,86_M_10,0.216836936722895
75_M_7,86_M_11,0.197793282492293
75_M_7,86_M_12,0.229933177682956
75_M_7,86_M_2,0.224830628643454
75_M_7,86_M_3,0.195713835486921
75_M_7,86_M_4,0.236362237439409
75_M_7,86_M_5,0.211345420589837
75_M_7,86_M_6,0.227601383212826
75_M_7,86_M_7,0.210069165192215
75_M_7,86_M_8,0.206937799043062
75_M_7,86_M_9,0.257359393697647
75_M_7,8_M_1,0.200195385887127
75_M_7,8_M_10,0.215896118721461
75_M_7,8_M_11,0.219070014412501
75_M_7,8_M_2,0.183799925345278
75_M_7,8_M_3,0.195704415740463
75_M_7,8_M_4,0.214383809179617
75_M_7,8_M_5,0.186356327999387
75_M_7,8_M_6,0.195628494662697
75_M_7,8_M_7,0.187461866992068
75_M_7,8_M_8,0.204381687167916
75_M_7,8_M_9,0.183239383690342
75_M_8,75_M_9,0.689292405245713
75_M_8,86_M_1,0.238407761449565
75_M_8,86_M_10,0.204101722723544
75_M_8,86_M_11,0.184955825282801
75_M_8,86_M_12,0.214434643143545
75_M_8,86_M_2,0.202669387061124
75_M_8,86_M_3,0.174090723334696
75_M_8,86_M_4,0.222186802677718
75_M_8,86_M_5,0.197826781719399
75_M_8,86_M_6,0.223204952962933
75_M_8,86_M_7,0.204385534282441
75_M_8,86_M_8,0.203746870413537
75_M_8,86_M_9,0.232405103924244
75_M_8,8_M_1,0.194946425715656
75_M_8,8_M_10,0.216771579480501
75_M_8,8_M_11,0.204186046511628
75_M_8,8_M_2,0.20964932212376
75_M_8,8_M_3,0.211739883957501
75_M_8,8_M_4,0.213390400489147
75_M_8,8_M_5,0.213842482100239
75_M_8,8_M_6,0.209877494414053
75_M_8,8_M_7,0.191770364149935
75_M_8,8_M_8,0.223826166236134
75_M_8,8_M_9,0.200841470191315
75_M_9,86_M_1,0.242289832975258
75_M_9,86_M_10,0.204230373128416
75_M_9,86_M_11,0.221504307488403
75_M_9,86_M_12,0.192907367777438
75_M_9,86_M_2,0.205910390848427
75_M_9,86_M_3,0.187782267649156
75_M_9,86_M_4,0.23396169048343
75_M_9,86_M_5,0.22203125
75_M_9,86_M_6,0.213483146067416
75_M_9,86_M_7,0.216940987555199
75_M_9,86_M_8,0.211722390255865
75_M_9,86_M_9,0.242250113412974
75_M_9,8_M_1,0.212775842044135
75_M_9,8_M_10,0.189010989010989
75_M_9,8_M_11,0.192233756247597
75_M_9,8_M_2,0.178178326069292
75_M_9,8_M_3,0.182857970175185
75_M_9,8_M_4,0.192446302436212
75_M_9,8_M_5,0.187049255792543
75_M_9,8_M_6,0.185574644549763
75_M_9,8_M_7,0.187780567602526
75_M_9,8_M_8,0.192569032817696
75_M_9,8_M_9,0.183233266622193
86_M_1,86_M_10,0.395336098286251
86_M_1,86_M_11,0.385414111683427
86_M_1,86_M_12,0.372111876773409
86_M_1,86_M_2,0.437607910846021
86_M_1,86_M_3,0.383830694275274
86_M_1,86_M_4,0.36726898780667
86_M_1,86_M_5,0.381375760411792
86_M_1,86_M_6,0.386383245744764
86_M_1,86_M_7,0.353711790393013
86_M_1,86_M_8,0.350608752879237
86_M_1,86_M_9,0.36568848758465
86_M_1,8_M_1,0.226469472885855
86_M_1,8_M_10,0.228413832119369
86_M_1,8_M_11,0.228180782377516
86_M_1,8_M_2,0.240824681971048
86_M_1,8_M_3,0.223194110357898
86_M_1,8_M_4,0.243397275507367
86_M_1,8_M_5,0.226240976408424
86_M_1,8_M_6,0.220139525051089
86_M_1,8_M_7,0.237221295313211
86_M_1,8_M_8,0.23370288248337
86_M_1,8_M_9,0.217744273702522
86_M_10,86_M_11,0.235687799583974
86_M_10,86_M_12,0.28627944614278
86_M_10,86_M_2,0.561329091551785
86_M_10,86_M_3,0.572440665958201
86_M_10,86_M_4,0.555203426124197
86_M_10,86_M_5,0.473764463180554
86_M_10,86_M_6,0.492433742998077
86_M_10,86_M_7,0.555070692965614
86_M_10,86_M_8,0.609221329964811
86_M_10,86_M_9,0.610180900294489
86_M_10,8_M_1,0.205811739382399
86_M_10,8_M_10,0.213821333975439
86_M_10,8_M_11,0.227257064093728
86_M_10,8_M_2,0.251223761719074
86_M_10,8_M_3,0.240418706736451
86_M_10,8_M_4,0.24247303171792
86_M_10,8_M_5,0.23989703989704
86_M_10,8_M_6,0.223053770438461
86_M_10,8_M_7,0.245459175012731
86_M_10,8_M_8,0.242409482058776
86_M_10,8_M_9,0.212033407192773
86_M_11,86_M_12,0.44670400689358
86_M_11,86_M_2,0.409389489953632
86_M_11,86_M_3,0.449307640166554
86_M_11,86_M_4,0.4587969074109
86_M_11,86_M_5,0.454258105301183
86_M_11,86_M_6,0.230195631195719
86_M_11,86_M_7,0.221426700427835
86_M_11,86_M_8,0.224707879756317
86_M_11,86_M_9,0.21599150893331
86_M_11,8_M_1,0.267944192301227
86_M_11,8_M_10,0.243215911006236
86_M_11,8_M_11,0.259458506041097
86_M_11,8_M_2,0.254112405757368
86_M_11,8_M_3,0.235538261997406
86_M_11,8_M_4,0.241500586166471
86_M_11,8_M_5,0.262937561236305
86_M_11,8_M_6,0.254398764054588
86_M_11,8_M_7,0.231236251649802
86_M_11,8_M_8,0.248305084745763
86_M_11,8_M_9,0.255453905700211
86_M_12,86_M_2,0.392160340546293
86_M_12,86_M_3,0.350452630635475
86_M_12,86_M_4,0.365967769883902
86_M_12,86_M_5,0.40418410041841
86_M_12,86_M_6,0.201708855705502
86_M_12,86_M_7,0.223155772139136
86_M_12,86_M_8,0.281401416325009
86_M_12,86_M_9,0.310652193098579
86_M_12,8_M_1,0.271272381556013
86_M_12,8_M_10,0.199785341919657
86_M_12,8_M_11,0.2145236508994
86_M_12,8_M_2,0.275012402844386
86_M_12,8_M_3,0.237102268006978
86_M_12,8_M_4,0.249476228847703
86_M_12,8_M_5,0.226758526835077
86_M_12,8_M_6,0.205641796027374
86_M_12,8_M_7,0.207257327908328
86_M_12,8_M_8,0.203430975886066
86_M_12,8_M_9,0.241435284066638
86_M_2,86_M_3,0.55838454784899
86_M_2,86_M_4,0.575634095634096
86_M_2,86_M_5,0.496977025392987
86_M_2,86_M_6,0.467024997867076
86_M_2,86_M_7,0.57466473359913
86_M_2,86_M_8,0.533629794330183
86_M_2,86_M_9,0.546293073442395
86_M_2,8_M_1,0.190928797732199
86_M_2,8_M_10,0.221496243057824
86_M_2,8_M_11,0.22863978127136
86_M_2,8_M_2,0.245466756212223
86_M_2,8_M_3,0.222495692837805
86_M_2,8_M_4,0.22690698422916
86_M_2,8_M_5,0.223832253665189
86_M_2,8_M_6,0.235092585039563
86_M_2,8_M_7,0.240168067226891
86_M_2,8_M_8,0.233551832969167
86_M_2,8_M_9,0.230848683077982
86_M_3,86_M_4,0.611138330883554
86_M_3,86_M_5,0.56260275157913
86_M_3,86_M_6,0.510887625710538
86_M_3,86_M_7,0.561393955894364
86_M_3,86_M_8,0.568571163996666
86_M_3,86_M_9,0.582328625559766
86_M_3,8_M_1,0.234765234765235
86_M_3,8_M_10,0.23370214120831
86_M_3,8_M_11,0.235804148248895
86_M_3,8_M_2,0.260143596593755
86_M_3,8_M_3,0.23914096560633
86_M_3,8_M_4,0.2441998574709
86_M_3,8_M_5,0.240441730109596
86_M_3,8_M_6,0.231404958677686
86_M_3,8_M_7,0.255665310865776
86_M_3,8_M_8,0.269474021295333
86_M_3,8_M_9,0.248706421240139
86_M_4,86_M_5,0.472228979161599
86_M_4,86_M_6,0.357773195876289
86_M_4,86_M_7,0.443509615384615
86_M_4,86_M_8,0.493668659866338
86_M_4,86_M_9,0.503836734693878
86_M_4,8_M_1,0.184429445926856
86_M_4,8_M_10,0.200823661549981
86_M_4,8_M_11,0.221270521056388
86_M_4,8_M_2,0.221465076660988
86_M_4,8_M_3,0.211889435819765
86_M_4,8_M_4,0.220340264650284
86_M_4,8_M_5,0.213751279829881
86_M_4,8_M_6,0.195566540511315
86_M_4,8_M_7,0.220063719014686
86_M_4,8_M_8,0.229671574178935
86_M_4,8_M_9,0.209249550043039
86_M_5,86_M_6,0.21962196219622
86_M_5,86_M_7,0.262526096033403
86_M_5,86_M_8,0.500967652750898
86_M_5,86_M_9,0.468125594671741
86_M_5,8_M_1,0.216693018224182
86_M_5,8_M_10,0.191363251481795
86_M_5,8_M_11,0.203790302731971
86_M_5,8_M_2,0.22595966674453
86_M_5,8_M_3,0.21793255594075
86_M_5,8_M_4,0.229282416464512
86_M_5,8_M_5,0.240159441953164
86_M_5,8_M_6,0.201830628413199
86_M_5,8_M_7,0.213416089758892
86_M_5,8_M_8,0.203863160344426
86_M_5,8_M_9,0.214449166394246
86_M_6,86_M_7,0.591293152007725
86_M_6,86_M_8,0.526279271465741
86_M_6,86_M_9,0.555327700762858
86_M_6,8_M_1,0.209238693062933
86_M_6,8_M_10,0.174186135580237
86_M_6,8_M_11,0.179048550016292
86_M_6,8_M_2,0.22962962962963
86_M_6,8_M_3,0.24771473276785
86_M_6,8_M_4,0.204658385093168
86_M_6,8_M_5,0.211559073295408
86_M_6,8_M_6,0.214672183322724
86_M_6,8_M_7,0.231272489368662
86_M_6,8_M_8,0.191197349739707
86_M_6,8_M_9,0.187228461349291
86_M_7,86_M_8,0.557018324141612
86_M_7,86_M_9,0.581633502622596
86_M_7,8_M_1,0.195454545454545
86_M_7,8_M_10,0.158732685878045
86_M_7,8_M_11,0.173029251363411
86_M_7,8_M_2,0.225382212723985
86_M_7,8_M_3,0.206670587246913
86_M_7,8_M_4,0.189576495076455
86_M_7,8_M_5,0.205564924114671
86_M_7,8_M_6,0.193821827369794
86_M_7,8_M_7,0.204904266039637
86_M_7,8_M_8,0.179603767456967
86_M_7,8_M_9,0.168373151308305
86_M_8,86_M_9,0.646030080447709
86_M_8,8_M_1,0.189764532105309
86_M_8,8_M_10,0.189594797398699
86_M_8,8_M_11,0.186810228802153
86_M_8,8_M_2,0.221381918184943
86_M_8,8_M_3,0.22475008617718
86_M_8,8_M_4,0.215010817107672
86_M_8,8_M_5,0.23371413621697
86_M_8,8_M_6,0.18793190628687
86_M_8,8_M_7,0.204208347706106
86_M_8,8_M_8,0.212189995796553
86_M_8,8_M_9,0.201279090424587
86_M_9,8_M_1,0.193495400788436
86_M_9,8_M_10,0.207025761124122
86_M_9,8_M_11,0.208427578118455
86_M_9,8_M_2,0.24313032299534
86_M_9,8_M_3,0.244991789819376
86_M_9,8_M_4,0.230612564624785
86_M_9,8_M_5,0.22143270263571
86_M_9,8_M_6,0.197669810573036
86_M_9,8_M_7,0.217897565344842
86_M_9,8_M_8,0.218725288628815
86_M_9,8_M_9,0.219832933586966
8_M_1,8_M_10,0.645807259073842
8_M_1,8_M_11,0.700696435886932
8_M_1,8_M_2,0.663497345693685
8_M_1,8_M_3,0.594620404265478
8_M_1,8_M_4,0.638125632443372
8_M_1,8_M_5,0.633390705679862
8_M_1,8_M_6,0.703312530004801
8_M_1,8_M_7,0.660329427190035
8_M_1,8_M_8,0.668091844813935
8_M_1,8_M_9,0.649884830536361
8_M_10,8_M_11,0.749760448146237
8_M_10,8_M_2,0.643098855209158
8_M_10,8_M_3,0.606827715897584
8_M_10,8_M_4,0.603869509956221
8_M_10,8_M_5,0.667156394622787
8_M_10,8_M_6,0.692558932121556
8_M_10,8_M_7,0.700470311581423
8_M_10,8_M_8,0.725564177404428
8_M_10,8_M_9,0.714670942351141
8_M_11,8_M_2,0.64279112754159
8_M_11,8_M_3,0.593615052436767
8_M_11,8_M_4,0.616057293629853
8_M_11,8_M_5,0.652395514780836
8_M_11,8_M_6,0.68904379451432
8_M_11,8_M_7,0.708866724259797
8_M_11,8_M_8,0.727479354496553
8_M_11,8_M_9,0.70196413321947
8_M_2,8_M_3,0.656495334024589
8_M_2,8_M_4,0.730621419766514
8_M_2,8_M_5,0.684202477443034
8_M_2,8_M_6,0.726883624824736
8_M_2,8_M_7,0.67976244860667
8_M_2,8_M_8,0.67943220464291
8_M_2,8_M_9,0.665445665445665
8_M_3,8_M_4,0.626168901776006
8_M_3,8_M_5,0.704625248053732
8_M_3,8_M_6,0.690338807515905
8_M_3,8_M_7,0.630634739642721
8_M_3,8_M_8,0.623872208253217
8_M_3,8_M_9,0.604398130411463
8_M_4,8_M_5,0.701134930643127
8_M_4,8_M_6,0.657167530224525
8_M_4,8_M_7,0.621150278293135
8_M_4,8_M_8,0.640933314129339
8_M_4,8_M_9,0.644047707237573
8_M_5,8_M_6,0.754307116104869
8_M_5,8_M_7,0.66635579389135
8_M_5,8_M_8,0.661763602251407
8_M_5,8_M_9,0.680601619745469
8_M_6,8_M_7,0.74355332984528
8_M_6,8_M_8,0.738793540444638
8_M_6,8_M_9,0.72247877253091
8_M_7,8_M_8,0.722351353377821
8_M_7,8_M_9,0.730457597036808
8_M_8,8_M_9,0.759262014581163
